{"cameraMode":{"drawMode":0,"name":"Shaded","section":"Shading Mode"},"sceneLighting":false,"audioPlay":false,"sceneViewState":{"m_AlwaysRefresh":false,"showFog":true,"showSkybox":true,"showFlares":true,"showImageEffects":true,"showParticleSystems":true,"showVisualEffectGraphs":true,"m_FxEnabled":true},"in2DMode":false,"pivot":{"x":977.1748657226563,"y":501.2281799316406,"z":132.6636962890625},"rotation":{"x":-0.02518402598798275,"y":-0.015238584950566292,"z":-0.0003838276898022741,"w":0.9995670318603516},"size":598.0370483398438,"orthographic":false}