{"cameraMode":{"drawMode":0,"name":"Shaded","section":"Shading Mode"},"sceneLighting":true,"audioPlay":false,"sceneViewState":{"m_AlwaysRefresh":false,"showFog":true,"showSkybox":true,"showFlares":true,"showImageEffects":true,"showParticleSystems":true,"showVisualEffectGraphs":true,"m_FxEnabled":true},"in2DMode":false,"pivot":{"x":-0.000032901763916015625,"y":0.7305867671966553,"z":0.13713055849075318},"rotation":{"x":0.04498444125056267,"y":-0.0030157091096043588,"z":-0.00013467250391840935,"w":-0.9989885091781616},"size":1.2164180278778077,"orthographic":false}