{"cameraMode":{"drawMode":0,"name":"Shaded","section":"Shading Mode"},"sceneLighting":true,"audioPlay":false,"sceneViewState":{"m_AlwaysRefresh":false,"showFog":true,"showSkybox":true,"showFlares":true,"showImageEffects":true,"showParticleSystems":true,"showVisualEffectGraphs":true,"m_FxEnabled":true},"in2DMode":false,"pivot":{"x":-0.6861335039138794,"y":2.666200876235962,"z":3.0333645343780519},"rotation":{"x":0.04498444125056267,"y":-0.0030157091096043588,"z":-0.00013467250391840935,"w":-0.9989885091781616},"size":5.594658851623535,"orthographic":false}