{"cameraMode":{"drawMode":0,"name":"Shaded","section":"Shading Mode"},"sceneLighting":true,"audioPlay":false,"sceneViewState":{"m_AlwaysRefresh":false,"showFog":true,"showSkybox":true,"showFlares":true,"showImageEffects":true,"showParticleSystems":true,"showVisualEffectGraphs":true,"m_FxEnabled":true},"in2DMode":false,"pivot":{"x":-2.6069822311401369,"y":-0.5655995607376099,"z":-1.2027162313461304},"rotation":{"x":0.18137280642986298,"y":-0.5204068422317505,"z":0.11418882757425308,"w":0.8265882134437561},"size":7.032539367675781,"orthographic":false}