{"cameraMode":{"drawMode":0,"name":"Shaded","section":"Shading Mode"},"sceneLighting":false,"audioPlay":false,"sceneViewState":{"m_AlwaysRefresh":false,"showFog":true,"showSkybox":false,"showFlares":true,"showImageEffects":true,"showParticleSystems":true,"showVisualEffectGraphs":true,"m_FxEnabled":true},"in2DMode":false,"pivot":{"x":-0.5606441497802734,"y":4.526026725769043,"z":-0.13327407836914063},"rotation":{"x":0.012003087438642979,"y":0.9855834245681763,"z":-0.14895619451999665,"w":0.07940984517335892},"size":11.841767311096192,"orthographic":false}