{"cameraMode":{"drawMode":0,"name":"Shaded","section":"Shading Mode"},"sceneLighting":false,"audioPlay":false,"sceneViewState":{"m_AlwaysRefresh":false,"showFog":true,"showSkybox":false,"showFlares":true,"showImageEffects":true,"showParticleSystems":true,"showVisualEffectGraphs":true,"m_FxEnabled":true},"in2DMode":false,"pivot":{"x":-14.018760681152344,"y":-10.96229362487793,"z":45.33750915527344},"rotation":{"x":-0.13720093667507173,"y":0.17348089814186097,"z":-0.024412620812654496,"w":-0.9749358296394348},"size":40.612979888916019,"orthographic":false}