{"cameraMode":{"drawMode":0,"name":"Shaded","section":"Shading Mode"},"sceneLighting":false,"audioPlay":false,"sceneViewState":{"m_AlwaysRefresh":false,"showFog":true,"showSkybox":true,"showFlares":true,"showImageEffects":true,"showParticleSystems":true,"showVisualEffectGraphs":true,"m_FxEnabled":true},"in2DMode":false,"pivot":{"x":0.939181387424469,"y":0.2872397303581238,"z":-0.9018439054489136},"rotation":{"x":-0.021295864135026933,"y":-0.03483336791396141,"z":0.0007424377836287022,"w":-0.9991663098335266},"size":3.0626585483551027,"orthographic":false}