{"cameraMode":{"drawMode":0,"name":"Shaded","section":"Shading Mode"},"sceneLighting":false,"audioPlay":false,"sceneViewState":{"m_AlwaysRefresh":false,"showFog":true,"showSkybox":true,"showFlares":true,"showImageEffects":true,"showParticleSystems":true,"showVisualEffectGraphs":true,"m_FxEnabled":true},"in2DMode":false,"pivot":{"x":-0.13087871670722962,"y":1.741786003112793,"z":-2.5032360553741457},"rotation":{"x":0.003049285849556327,"y":0.6857573986053467,"z":0.0028730658814311029,"w":-0.7278186678886414},"size":2.6837973594665529,"orthographic":false}