{"cameraMode":{"drawMode":0,"name":"Shaded","section":"Shading Mode"},"sceneLighting":false,"audioPlay":false,"sceneViewState":{"m_AlwaysRefresh":false,"showFog":true,"showSkybox":false,"showFlares":true,"showImageEffects":true,"showParticleSystems":true,"showVisualEffectGraphs":true,"m_FxEnabled":true},"in2DMode":false,"pivot":{"x":15.16049575805664,"y":5.30379056930542,"z":56.850711822509769},"rotation":{"x":-0.14542628824710847,"y":-0.19250188767910005,"z":0.028860202059149743,"w":-0.9700387120246887},"size":27.333267211914064,"orthographic":false}