{"cameraMode":{"drawMode":0,"name":"Shaded","section":"Shading Mode"},"sceneLighting":false,"audioPlay":false,"sceneViewState":{"m_AlwaysRefresh":false,"showFog":true,"showSkybox":false,"showFlares":true,"showImageEffects":true,"showParticleSystems":true,"showVisualEffectGraphs":true,"m_FxEnabled":true},"in2DMode":false,"pivot":{"x":3.9278154373168947,"y":7.423333168029785,"z":51.835994720458987},"rotation":{"x":-0.1325596421957016,"y":0.11184848099946976,"z":-0.015055580995976925,"w":-0.9847359657287598},"size":26.15623664855957,"orthographic":false}