{"cameraMode":{"drawMode":0,"name":"Shaded","section":"Shading Mode"},"sceneLighting":false,"audioPlay":false,"sceneViewState":{"m_AlwaysRefresh":false,"showFog":true,"showSkybox":false,"showFlares":true,"showImageEffects":true,"showParticleSystems":true,"showVisualEffectGraphs":true,"m_FxEnabled":true},"in2DMode":false,"pivot":{"x":922.3268432617188,"y":397.726806640625,"z":9.293731689453125},"rotation":{"x":0.042300499975681308,"y":-0.007124127354472876,"z":0.00018193999130744487,"w":0.9991722702980042},"size":535.6659545898438,"orthographic":true}