{"cameraMode":{"drawMode":0,"name":"Shaded","section":"Shading Mode"},"sceneLighting":false,"audioPlay":false,"sceneViewState":{"m_AlwaysRefresh":false,"showFog":true,"showSkybox":false,"showFlares":true,"showImageEffects":true,"showParticleSystems":true,"showVisualEffectGraphs":true,"m_FxEnabled":true},"in2DMode":false,"pivot":{"x":1009.7562866210938,"y":416.13385009765627,"z":417.3819580078125},"rotation":{"x":0.06176573410630226,"y":-0.020594459027051927,"z":0.0011383158853277565,"w":0.9979743957519531},"size":616.4407348632813,"orthographic":false}