{"cameraMode":{"drawMode":0,"name":"Shaded","section":"Shading Mode"},"sceneLighting":false,"audioPlay":false,"sceneViewState":{"m_AlwaysRefresh":false,"showFog":true,"showSkybox":true,"showFlares":true,"showImageEffects":true,"showParticleSystems":true,"showVisualEffectGraphs":true,"m_FxEnabled":true},"in2DMode":false,"pivot":{"x":0.9980653524398804,"y":2.7919139862060549,"z":0.5670223236083984},"rotation":{"x":0.12000909447669983,"y":-0.013644212856888771,"z":0.0016496161697432399,"w":0.9926781058311462},"size":0.8660253882408142,"orthographic":false}