{"cameraMode":{"drawMode":0,"name":"Shaded","section":"Shading Mode"},"sceneLighting":false,"audioPlay":false,"sceneViewState":{"m_AlwaysRefresh":false,"showFog":true,"showSkybox":false,"showFlares":true,"showImageEffects":true,"showParticleSystems":true,"showVisualEffectGraphs":true,"m_FxEnabled":true},"in2DMode":false,"pivot":{"x":-0.42346763610839846,"y":4.521939277648926,"z":-0.105743408203125},"rotation":{"x":0.012003087438642979,"y":0.9855834245681763,"z":-0.14895619451999665,"w":0.07940984517335892},"size":11.83359432220459,"orthographic":false}