{"cameraMode":{"drawMode":0,"name":"Shaded","section":"Shading Mode"},"sceneLighting":false,"audioPlay":false,"sceneViewState":{"m_AlwaysRefresh":false,"showFog":true,"showSkybox":false,"showFlares":true,"showImageEffects":true,"showParticleSystems":true,"showVisualEffectGraphs":true,"m_FxEnabled":true},"in2DMode":false,"pivot":{"x":0.583462655544281,"y":-12.773443222045899,"z":34.553497314453128},"rotation":{"x":0.2201775312423706,"y":0.005265466403216124,"z":-0.0011884458363056183,"w":0.9754435420036316},"size":39.84697341918945,"orthographic":false}