{"cameraMode":{"drawMode":0,"name":"Shaded","section":"Shading Mode"},"sceneLighting":false,"audioPlay":false,"sceneViewState":{"m_AlwaysRefresh":false,"showFog":true,"showSkybox":false,"showFlares":true,"showImageEffects":true,"showParticleSystems":true,"showVisualEffectGraphs":true,"m_FxEnabled":true},"in2DMode":false,"pivot":{"x":13.319191932678223,"y":-78.12964630126953,"z":60.30784606933594},"rotation":{"x":0.42697712779045107,"y":0.024963263422250749,"z":-0.011807102710008622,"w":0.9038856625556946},"size":68.82273864746094,"orthographic":false}