{"cameraMode":{"drawMode":0,"name":"Shaded","section":"Shading Mode"},"sceneLighting":false,"audioPlay":false,"sceneViewState":{"m_AlwaysRefresh":false,"showFog":true,"showSkybox":false,"showFlares":true,"showImageEffects":true,"showParticleSystems":true,"showVisualEffectGraphs":true,"m_FxEnabled":true},"in2DMode":false,"pivot":{"x":-1.1993522644042969,"y":0.6017765998840332,"z":-1.3777353763580323},"rotation":{"x":0.049133844673633578,"y":-0.9509775042533875,"z":0.2209489792585373,"w":0.21105189621448518},"size":2.7054834365844728,"orthographic":false}