{"cameraMode":{"drawMode":0,"name":"Shaded","section":"Shading Mode"},"sceneLighting":false,"audioPlay":false,"sceneViewState":{"m_AlwaysRefresh":false,"showFog":true,"showSkybox":false,"showFlares":true,"showImageEffects":true,"showParticleSystems":true,"showVisualEffectGraphs":true,"m_FxEnabled":true},"in2DMode":false,"pivot":{"x":-0.4732656478881836,"y":3.788733959197998,"z":0.8263692855834961},"rotation":{"x":0.10306095331907273,"y":-0.8943376541137695,"z":0.2696209251880646,"w":0.34185630083084109},"size":14.117850303649903,"orthographic":false}