{"cameraMode":{"drawMode":0,"name":"Shaded","section":"Shading Mode"},"sceneLighting":false,"audioPlay":false,"sceneViewState":{"m_AlwaysRefresh":false,"showFog":true,"showSkybox":false,"showFlares":true,"showImageEffects":true,"showParticleSystems":true,"showVisualEffectGraphs":true,"m_FxEnabled":true},"in2DMode":false,"pivot":{"x":0.7986021041870117,"y":3.7148385047912599,"z":0.1154775619506836},"rotation":{"x":-0.0213567353785038,"y":-0.9493650197982788,"z":0.3065289258956909,"w":-0.06617184728384018},"size":15.086173057556153,"orthographic":false}