{"cameraMode":{"drawMode":0,"name":"Shaded","section":"Shading Mode"},"sceneLighting":false,"audioPlay":false,"sceneViewState":{"m_AlwaysRefresh":false,"showFog":true,"showSkybox":false,"showFlares":true,"showImageEffects":true,"showParticleSystems":true,"showVisualEffectGraphs":true,"m_FxEnabled":true},"in2DMode":false,"pivot":{"x":707.8123779296875,"y":581.4502563476563,"z":1596.614501953125},"rotation":{"x":0.03180713951587677,"y":-0.009806539863348008,"z":0.00017455800843890756,"w":0.9995539784431458},"size":918.7371215820313,"orthographic":true}