{"cameraMode":{"drawMode":0,"name":"Shaded","section":"Shading Mode"},"sceneLighting":false,"audioPlay":false,"sceneViewState":{"m_AlwaysRefresh":false,"showFog":true,"showSkybox":true,"showFlares":true,"showImageEffects":true,"showParticleSystems":true,"showVisualEffectGraphs":true,"m_FxEnabled":true},"in2DMode":false,"pivot":{"x":1042.2725830078125,"y":524.1109008789063,"z":-29.1563720703125},"rotation":{"x":0.016807137057185174,"y":0.017752425745129586,"z":-0.0002983616723213345,"w":0.9997020959854126},"size":665.0118408203125,"orthographic":false}