{"cameraMode":{"drawMode":0,"name":"Shaded","section":"Shading Mode"},"sceneLighting":false,"audioPlay":false,"sceneViewState":{"m_AlwaysRefresh":false,"showFog":true,"showSkybox":false,"showFlares":true,"showImageEffects":true,"showParticleSystems":true,"showVisualEffectGraphs":true,"m_FxEnabled":true},"in2DMode":false,"pivot":{"x":39.1486701965332,"y":-39.054447174072269,"z":232.7544403076172},"rotation":{"x":0.12958300113677979,"y":0.09088721126317978,"z":-0.011931621469557286,"w":0.9873324036598206},"size":127.97944641113281,"orthographic":false}