{"cameraMode":{"drawMode":0,"name":"Shaded","section":"Shading Mode"},"sceneLighting":false,"audioPlay":false,"sceneViewState":{"m_AlwaysRefresh":false,"showFog":true,"showSkybox":false,"showFlares":true,"showImageEffects":true,"showParticleSystems":true,"showVisualEffectGraphs":true,"m_FxEnabled":true},"in2DMode":false,"pivot":{"x":31.135257720947267,"y":-155.1936798095703,"z":176.60435485839845},"rotation":{"x":0.3997221291065216,"y":0.10304681211709976,"z":-0.04528089612722397,"w":0.9097108840942383},"size":126.61565399169922,"orthographic":false}