{"cameraMode":{"drawMode":0,"name":"Shaded","section":"Shading Mode"},"sceneLighting":true,"audioPlay":false,"sceneViewState":{"m_AlwaysRefresh":false,"showFog":true,"showSkybox":true,"showFlares":true,"showImageEffects":true,"showParticleSystems":true,"showVisualEffectGraphs":true,"m_FxEnabled":true},"in2DMode":false,"pivot":{"x":22.511205673217775,"y":-0.5466041564941406,"z":19.396705627441408},"rotation":{"x":0.28774699568748476,"y":0.5631438493728638,"z":-0.21796110272407533,"w":0.7433739304542542},"size":47.320919036865237,"orthographic":false}