{"cameraMode":{"drawMode":0,"name":"Shaded","section":"Shading Mode"},"sceneLighting":true,"audioPlay":false,"sceneViewState":{"m_AlwaysRefresh":false,"showFog":true,"showSkybox":true,"showFlares":true,"showImageEffects":true,"showParticleSystems":true,"showVisualEffectGraphs":true,"m_FxEnabled":true},"in2DMode":false,"pivot":{"x":3.1260509490966799,"y":10.952995300292969,"z":65.64297485351563},"rotation":{"x":0.22466686367988587,"y":-0.7663195133209229,"z":0.35330745577812197,"w":0.4873018264770508},"size":12.083806037902832,"orthographic":false}