{"cameraMode":{"drawMode":0,"name":"Shaded","section":"Shading Mode"},"sceneLighting":false,"audioPlay":false,"sceneViewState":{"m_AlwaysRefresh":false,"showFog":true,"showSkybox":false,"showFlares":true,"showImageEffects":true,"showParticleSystems":true,"showVisualEffectGraphs":true,"m_FxEnabled":true},"in2DMode":false,"pivot":{"x":0.6816775798797607,"y":1.7805099487304688,"z":2.1516833305358888},"rotation":{"x":-0.09104204177856446,"y":-0.6941765546798706,"z":0.0892096757888794,"w":-0.7084574699401856},"size":3.0953800678253176,"orthographic":false}