{"cameraMode":{"drawMode":0,"name":"Shaded","section":"Shading Mode"},"sceneLighting":false,"audioPlay":false,"sceneViewState":{"m_AlwaysRefresh":false,"showFog":true,"showSkybox":false,"showFlares":true,"showImageEffects":true,"showParticleSystems":true,"showVisualEffectGraphs":true,"m_FxEnabled":true},"in2DMode":false,"pivot":{"x":15.506742477416993,"y":-46.567508697509769,"z":48.264190673828128},"rotation":{"x":0.05911147966980934,"y":0.9182266592979431,"z":-0.3617700934410095,"w":0.15005935728549958},"size":65.23807525634766,"orthographic":false}