{"cameraMode":{"drawMode":0,"name":"Shaded","section":"Shading Mode"},"sceneLighting":false,"audioPlay":false,"sceneViewState":{"m_AlwaysRefresh":false,"showFog":true,"showSkybox":false,"showFlares":true,"showImageEffects":true,"showParticleSystems":true,"showVisualEffectGraphs":true,"m_FxEnabled":true},"in2DMode":false,"pivot":{"x":16.906314849853517,"y":-12.664253234863282,"z":141.8572998046875},"rotation":{"x":0.1489495187997818,"y":0.21820801496505738,"z":-0.033722516149282458,"w":0.9639328122138977},"size":57.69184112548828,"orthographic":false}