{"cameraMode":{"drawMode":0,"name":"Shaded","section":"Shading Mode"},"sceneLighting":false,"audioPlay":false,"sceneViewState":{"m_AlwaysRefresh":false,"showFog":true,"showSkybox":false,"showFlares":true,"showImageEffects":true,"showParticleSystems":true,"showVisualEffectGraphs":true,"m_FxEnabled":true},"in2DMode":false,"pivot":{"x":-9.438008308410645,"y":-67.91902923583985,"z":49.981239318847659},"rotation":{"x":0.028498755767941476,"y":-0.8932374119758606,"z":0.44512689113616946,"w":0.057167090475559238},"size":53.24467468261719,"orthographic":false}