{"cameraMode":{"drawMode":0,"name":"Shaded","section":"Shading Mode"},"sceneLighting":false,"audioPlay":false,"sceneViewState":{"m_AlwaysRefresh":false,"showFog":true,"showSkybox":true,"showFlares":true,"showImageEffects":true,"showParticleSystems":true,"showVisualEffectGraphs":true,"m_FxEnabled":true},"in2DMode":false,"pivot":{"x":0.9989484548568726,"y":2.4745895862579347,"z":1.0527379512786866},"rotation":{"x":0.12000909447669983,"y":-0.013644212856888771,"z":0.0016496161697432399,"w":0.9926781058311462},"size":3.989501953125,"orthographic":false}