{"cameraMode":{"drawMode":0,"name":"Shaded","section":"Shading Mode"},"sceneLighting":false,"audioPlay":false,"sceneViewState":{"m_AlwaysRefresh":false,"showFog":true,"showSkybox":true,"showFlares":true,"showImageEffects":true,"showParticleSystems":true,"showVisualEffectGraphs":true,"m_FxEnabled":true},"in2DMode":false,"pivot":{"x":1.6682666540145875,"y":0.9913331270217896,"z":-1.6514396667480469},"rotation":{"x":-0.010640901513397694,"y":-0.7740265130996704,"z":0.013012859970331192,"w":-0.6329304575920105},"size":5.173674583435059,"orthographic":false}