{"cameraMode":{"drawMode":0,"name":"Shaded","section":"Shading Mode"},"sceneLighting":false,"audioPlay":false,"sceneViewState":{"m_AlwaysRefresh":false,"showFog":true,"showSkybox":false,"showFlares":true,"showImageEffects":true,"showParticleSystems":true,"showVisualEffectGraphs":true,"m_FxEnabled":true},"in2DMode":false,"pivot":{"x":15.281477928161621,"y":24.212444305419923,"z":30.432432174682618},"rotation":{"x":0.025584053248167039,"y":0.8806577324867249,"z":-0.47064894437789919,"w":0.04786687344312668},"size":1.4657021760940552,"orthographic":false}