{"cameraMode":{"drawMode":0,"name":"Shaded","section":"Shading Mode"},"sceneLighting":false,"audioPlay":false,"sceneViewState":{"m_AlwaysRefresh":false,"showFog":true,"showSkybox":false,"showFlares":true,"showImageEffects":true,"showParticleSystems":true,"showVisualEffectGraphs":true,"m_FxEnabled":true},"in2DMode":false,"pivot":{"x":15.536040306091309,"y":-0.39261165261268618,"z":8.135103225708008},"rotation":{"x":0.06759396940469742,"y":0.6965705752372742,"z":-0.06628682464361191,"w":0.7112985253334045},"size":19.944265365600587,"orthographic":false}