{"cameraMode":{"drawMode":0,"name":"Shaded","section":"Shading Mode"},"sceneLighting":false,"audioPlay":false,"sceneViewState":{"m_AlwaysRefresh":false,"showFog":true,"showSkybox":false,"showFlares":true,"showImageEffects":true,"showParticleSystems":true,"showVisualEffectGraphs":true,"m_FxEnabled":true},"in2DMode":false,"pivot":{"x":-19.82451057434082,"y":16.141071319580079,"z":18.421714782714845},"rotation":{"x":-0.012295009568333626,"y":-0.8303708434104919,"z":-0.01847311481833458,"w":0.5568719506263733},"size":23.514081954956056,"orthographic":false}