{"cameraMode":{"drawMode":0,"name":"Shaded","section":"Shading Mode"},"sceneLighting":false,"audioPlay":false,"sceneViewState":{"m_AlwaysRefresh":false,"showFog":true,"showSkybox":false,"showFlares":true,"showImageEffects":true,"showParticleSystems":true,"showVisualEffectGraphs":true,"m_FxEnabled":true},"in2DMode":false,"pivot":{"x":12.473485946655274,"y":3.1004371643066408,"z":54.240478515625},"rotation":{"x":-0.23931454122066499,"y":0.034069113433361056,"z":-0.008403590880334378,"w":-0.9703152179718018},"size":27.460073471069337,"orthographic":false}