{"cameraMode":{"drawMode":0,"name":"Shaded","section":"Shading Mode"},"sceneLighting":false,"audioPlay":false,"sceneViewState":{"m_AlwaysRefresh":false,"showFog":true,"showSkybox":false,"showFlares":true,"showImageEffects":true,"showParticleSystems":true,"showVisualEffectGraphs":true,"m_FxEnabled":true},"in2DMode":false,"pivot":{"x":1027.6658935546875,"y":470.88385009765627,"z":54.04229736328125},"rotation":{"x":0.04515736922621727,"y":0.07672224193811417,"z":-0.003573392052203417,"w":0.9961141347885132},"size":787.8961181640625,"orthographic":false}