{"cameraMode":{"drawMode":0,"name":"Shaded","section":"Shading Mode"},"sceneLighting":false,"audioPlay":false,"sceneViewState":{"m_AlwaysRefresh":false,"showFog":true,"showSkybox":false,"showFlares":true,"showImageEffects":true,"showParticleSystems":true,"showVisualEffectGraphs":true,"m_FxEnabled":true},"in2DMode":false,"pivot":{"x":923.565673828125,"y":553.4007568359375,"z":71.3255615234375},"rotation":{"x":0.008980350568890572,"y":-0.06594975292682648,"z":0.0005934341461397708,"w":0.9977855682373047},"size":520.8429565429688,"orthographic":true}