{"cameraMode":{"drawMode":0,"name":"Shaded","section":"Shading Mode"},"sceneLighting":true,"audioPlay":false,"sceneViewState":{"m_AlwaysRefresh":false,"showFog":true,"showSkybox":true,"showFlares":true,"showImageEffects":true,"showParticleSystems":true,"showVisualEffectGraphs":true,"m_FxEnabled":true},"in2DMode":false,"pivot":{"x":-0.8960253000259399,"y":1.58585524559021,"z":3.406090497970581},"rotation":{"x":0.12000909447669983,"y":-0.013644212856888771,"z":0.0016496161697432399,"w":0.9926781058311462},"size":7.535303592681885,"orthographic":false}