{"cameraMode":{"drawMode":0,"name":"Shaded","section":"Shading Mode"},"sceneLighting":true,"audioPlay":false,"sceneViewState":{"m_AlwaysRefresh":false,"showFog":true,"showSkybox":true,"showFlares":true,"showImageEffects":true,"showParticleSystems":true,"showVisualEffectGraphs":true,"m_FxEnabled":true},"in2DMode":false,"pivot":{"x":-22.52678680419922,"y":9.085823059082032,"z":184.0404052734375},"rotation":{"x":0.1793336421251297,"y":0.004186819773167372,"z":-0.0007630989421159029,"w":0.9837800860404968},"size":13.77036190032959,"orthographic":false}